iso2,category,files
AD,Quality images of Andorra,19
AF,Quality images of Afghanistan,2
AL,Quality images of Albania,63
AM,Quality images of Armenia,2
AO,Quality images of Angola,1
AQ,Quality images of Antarctica,28
AR,Quality images of Argentina,265
AT,Quality images of Austria,944
AU,Quality images of Australia,6
AW,Quality images of Aruba,2
AZ,Quality images of Azerbaijan,160
BA,Quality images of Bosnia and Herzegovina,47
BB,Quality images of Barbados,3
BD,Quality images of Bangladesh,12
BE,Quality images of Belgium,192
BF,Quality images of Burkina Faso,6
BG,Quality images of Bulgaria,258
BH,Quality images of Bahrain,19
BI,Quality images of Burundi,1
BJ,Quality images of Benin,16
BM,Quality images of Bermuda,4
BN,Quality images of Brunei,2
BO,Quality images of Bolivia,83
BR,Quality images of Brazil,247
BT,Quality images of Bhutan,179
BW,Quality images of Botswana,16
BY,Quality images of Belarus,3
BZ,Quality images of Belize,27
CA,Quality images of Canada,142
CH,Quality images of Switzerland,120
CL,Quality images of Chile,31
CM,Quality images of Cameroon,11
CN,Quality images of China,181
CO,Quality images of Colombia,148
CR,Quality images of Costa Rica,40
CU,Quality images of Cuba,47
CV,Quality images of Cape Verde,74
CX,Quality images of Christmas Island,2
CY,Quality images of Cyprus,86
DE,Quality images of Germany,997
DK,Quality images of Denmark,15
DM,Quality images of Dominica,3
DZ,Quality images of Algeria,98
EC,Quality images of Ecuador,169
EE,Quality images of Estonia,137
EG,Quality images of Egypt,782
ER,Quality images of Eritrea,1
ES,Quality images of Spain,73
ET,Quality images of Ethiopia,42
FI,Quality images of Finland,159
FR,Quality images of France,1
GA,Quality images of Gabon,1
GE,Quality images of Georgia,22
GF,Quality images of French Guiana,48
GH,Quality images of Ghana,47
GI,Quality images of Gibraltar,39
GL,Quality images of Greenland,31
GP,Quality images of Guadeloupe,68
GR,Quality images of Greece,448
GS,Quality images of South Georgia and the South Sandwich Islands,8
GT,Quality images of Guatemala,4
GU,Quality images of Guam,1
HK,Quality images of Hong Kong,241
HN,Quality images of Honduras,30
HR,Quality images of Croatia,123
HT,Quality images of Haiti,1
HU,Quality images of Hungary,27
ID,Quality images of Indonesia,320
IE,Quality images of Ireland,40
IL,Quality images of Israel,177
IN,Quality images of India,20
IQ,Quality images of Iraq,8
IR,Quality images of Iran,42
IS,Quality images of Iceland,28
IT,Quality images of Italy,157
JE,Quality images of Jersey,7
JM,Quality images of Jamaica,3
JO,Quality images of Jordan,59
JP,Quality images of Japan,213
KE,Quality images of Kenya,19
KH,Quality images of Cambodia,14
KN,Quality images of Saint Kitts and Nevis,6
KP,Quality images of North Korea,1
KR,Quality images of South Korea,71
KW,Quality images of Kuwait,22
LA,Quality images of Laos,20
LB,Quality images of Lebanon,41
LI,Quality images of Liechtenstein,3
LK,Quality images of Sri Lanka,4
LT,Quality images of Lithuania,100
LU,Quality images of Luxembourg,91
LV,Quality images of Latvia,43
LY,Quality images of Libya,3
MA,Quality images of Morocco,66
MC,Quality images of Monaco,27
MD,Quality images of Moldova,29
ME,Quality images of Montenegro,236
MG,Quality images of Madagascar,14
MK,Quality images of North Macedonia,200
ML,Quality images of Mali,3
MM,Quality images of Myanmar,60
MN,Quality images of Mongolia,18
MO,Quality images of Macau,28
MQ,Quality images of Martinique,9
MR,Quality images of Mauritania,2
MT,Quality images of Malta,80
MU,Quality images of Mauritius,22
MX,Quality images of Mexico,33
MY,Quality images of Malaysia,11
MZ,Quality images of Mozambique,24
NA,Quality images of Namibia,40
NC,Quality images of New Caledonia,4
NE,Quality images of Niger,1
NG,Quality images of Nigeria,7
NI,Quality images of Nicaragua,3
NO,Quality images of Norway,283
NP,Quality images of Nepal,60
NZ,Quality images of New Zealand,16
OM,Quality images of Oman,84
PA,Quality images of Panama,21
PE,Quality images of Peru,209
PF,Quality images of French Polynesia,2
PG,Quality images of Papua New Guinea,1
PK,Quality images of Pakistan,31
PL,Quality images of Poland,40
PT,Quality images of Portugal,172
PW,Quality images of Palau,3
PY,Quality images of Paraguay,2
QA,Quality images of Qatar,86
RE,Quality images of Réunion,34
RO,Quality images of Romania,174
RS,Quality images of Serbia,97
RW,Quality images of Rwanda,1
SA,Quality images of Saudi Arabia,4
SC,Quality images of Seychelles,134
SE,Quality images of Sweden,10
SG,Quality images of Singapore,37
SI,Quality images of Slovenia,51
SK,Quality images of Slovakia,621
SM,Quality images of San Marino,70
SN,Quality images of Senegal,13
SY,Quality images of Syria,15
SZ,Quality images of Eswatini,5
TD,Quality images of Chad,1
TH,Quality images of Thailand,93
TJ,Quality images of Tajikistan,2
TN,Quality images of Tunisia,11
TO,Quality images of Tonga,3
TR,Quality images of Turkey,379
TT,Quality images of Trinidad and Tobago,1
TV,Quality images of Tuvalu,1
TW,Quality images of Taiwan,175
TZ,Quality images of Tanzania,45
UA,Quality images of Ukraine,29
UY,Quality images of Uruguay,33
VE,Quality images of Venezuela,143
VN,Quality images of Vietnam,70
XK,Quality images of Kosovo,8
YE,Quality images of Yemen,1
YT,Quality images of Mayotte,4
ZA,Quality images of South Africa,31
ZM,Quality images of Zambia,23
ZW,Quality images of Zimbabwe,10
